"installation_id","accuracy_group"
"00abaee7",0.59586779694242
"01242218",0.973739492476934
"017c5718",-0.206236278270404
"01a44906",-0.197387939425065
"01bc6cb6",0.824494027543786
"02256298",0.51829118826115
"0267757a",-0.201656445993599
"027e7ce5",0.922339585639831
"02a29f99",-0.158064281440004
"0300c576",0.146992211315377
"03885368",-0.20594894086356
"03ac279b",-0.155173427798784
"03e33699",0.45833365628385
"048e7427",0.780546106784594
"04a7bc3f",-0.192656576399307
"04d31500",0.320559541454311
"0500e23b",0.481369803062959
"0512bf0e",0.568776595246928
"0525589b",0.836515228214735
"05488e26",0.25772407461787
"05771bba",1.16152044056296
"05b82cf5",-0.0195264214828348
"05e17e19",0.747629404447869
"0617500d",1.12920664315085
"068ae11f",-0.0345616177837103
"0754f13b",-0.253995436342989
"07749e99",0.899493714875327
"08611cc8",0.517073157272015
"08671ec7",-0.196616440895286
"0889b0ae",0.582248729220569
"090fe325",-0.132544788016184
"0937340d",0.9666621577625
"09aaaf83",-0.0867416505938308
"09aefe80",-0.0560147213332393
"0a126293",1.07700355537527
"0a2a77b2",0.491672892001104
"0a4c0f78",-0.101177589980188
"0af94ba5",-0.212290470559078
"0b24b6ac",1.16900373925463
"0b607c82",0.106311620626291
"0d5735f2",0.244509187148835
"0d735146",0.879896060637443
"0d7752d3",0.187987674738036
"0dd670e9",0.649152924724692
"0de6863d",0.815665882032108
"0e514571",0.555680581205908
"0e718764",-0.0693129860223345
"0ea27b66",-0.222509726007988
"0f584054",-0.192048220693821
"0f7116a6",-0.158748004514882
"101999d8",-0.227383687376119
"101d16f5",0.109442461056004
"108044a0",0.873899173854264
"109ad724",0.885129494008661
"10acf963",1.05745408091261
"1121f331",0.222056757935004
"1181ce7c",-0.0964892739641178
"11fa34d0",-0.192656155285187
"125a3d09",-0.234065091337687
"12771ee9",0.479157276392269
"1294d68e",-0.161086258025902
"12bcbbce",-0.210157023045666
"13629687",0.0614865878904524
"138a2ecc",0.380793867002894
"13a0754c",0.515435569634121
"13bcaf23",0.577646958354492
"13cf3fc0",0.900959990231291
"13d608cb",-0.207341323009824
"140087ce",0.0728656990485274
"140ea7a3",-0.119186475380113
"1423dc8f",0.21931083033756
"14cdc97f",0.68057290056087
"153f087c",-0.0270107607582474
"1594c19e",-0.173784051250559
"15d86999",-0.170146827247462
"15ec4544",0.962950826508057
"15f9b137",0.786692225314542
"16160dde",0.611652041631297
"1619f838",-0.233005545643477
"16298f20",0.475345363371273
"163ffbd7",0.686589291618934
"167fe32c",0.456976142577202
"16992352",-0.171601061367402
"16f8159f",-0.170250312470856
"17d1ea55",0.518145919241108
"182fe06c",-0.173978101275134
"18569185",0.530412710857226
"18a43ba3",-0.159191867637962
"18dd112c",1.16077548241018
"1962067f",0.597431647749626
"19b97a3f",-0.152384775310056
"1a153269",0.819540412639541
"1a1977ce",0.834932449823035
"1a20a79d",0.0626103504739326
"1b38b81a",-0.244040948195688
"1b3987c8",0.918938384516176
"1b5d84df",0.906786505506538
"1b6ecb54",0.0963957698816075
"1baa3c99",0.0363460584912874
"1bc2e77b",0.575031025225306
"1c5a2a78",0.609959255694203
"1d2eae73",-0.123307845316313
"1d9c883e",-0.186120454313482
"1dd31d7c",0.746127125401752
"1df0bdd4",0.163212504764203
"1e5124c5",0.753180697525248
"1e554379",0.21931083033756
"1e725305",0.328402870503154
"1e8622da",0.525296549040675
"1ed372f8",0.483893121896503
"1ed78db3",-0.188098464088145
"1ef4452b",0.706034115627671
"1f04f739",0.628298396385926
"1f398b6b",0.733716404954637
"1f3ae424",-0.200608671778739
"1f8bf570",0.261683752372465
"1f8c8bbc",-0.148878987551658
"20244184",0.046228490248639
"205aea02",-0.172958522363904
"20ade427",0.302170090757569
"20d2e0ab",0.843430886772084
"210c8bc0",0.697991999108539
"225505b3",0.559576974370892
"225e3787",0.693342339546112
"229464d8",0.478243993638122
"229918c1",-0.182346744452388
"23f2ef8f",1.20324142232334
"240b4d74",0.470986381048625
"24858760",-0.153536832590119
"253ac98f",0.784095125592095
"25504d06",-0.194438747568073
"2569a283",0.108086439470325
"25914d08",-0.210178994776286
"25faffc4",0.21931083033756
"269ac751",0.855164643931189
"26ae75a7",0.0722620875558078
"26b5e264",1.01175092648435
"26e59e27",-0.138610609092292
"2721167a",0.195492707576472
"274f2012",0.973126085836201
"2777912c",0.494967428984029
"27841c37",0.317001961602472
"27e272e5",0.0636231634071398
"280f398c",-0.167834206312246
"285b65c8",1.24299354851977
"28badbc7",0.760346800955114
"293c26ac",0.017177755983162
"29b40ab9",-0.193394996948219
"29d19d88",0.72409850191488
"29feed5c",0.565136075361031
"2a2a27e1",0.135687456771379
"2a47e474",0.504461973414426
"2a6b9553",0.862539146870242
"2ab22ff2",-0.156556471360219
"2ae3169a",0.180127806606856
"2ae57465",-0.130474669541728
"2af16b0d",0.52576128889244
"2b05a2ce",0.0605189092273455
"2b14f163",0.355839445752031
"2b1dfd68",1.09836585202923
"2b2d47da",-0.194239405317422
"2b52c1de",-0.104659585789438
"2c6bf518",0.823777020867637
"2c73ac9c",1.03118227138729
"2c8f4ade",-0.138631978715338
"2cc6999b",0.754618849757151
"2d303e19",0.441660745768154
"2d4207d2",0.320229061414099
"2da73a3a",1.05593370099171
"2db60743",0.42436117637213
"2db7ae36",0.230984856246663
"2dbf3f3d",0.0883571015208566
"2e1eb9be",0.684027334477703
"2e5371cc",1.08355371021376
"2e6923d6",1.15809672444381
"2e8174d0",0.631383681056797
"2f14f89e",0.64383936747111
"2f5ef5e1",0.770837691225925
"2f9de8b5",-0.116910368487286
"2fd070b1",-0.213790944324926
"30c40fff",0.617950640778495
"30d3ebf6",1.30524790133995
"30fdddc8",0.240913071843761
"3168a8b4",0.210135108377652
"318e4ea8",0.881487001044971
"31dd49ae",0.904199754051304
"326575f9",0.965422756935127
"3267eb2c",1.26327832467686
"33018ca2",0.550522443887094
"33206fdc",-0.166367009890638
"33333852",0.621749307664327
"3382a49e",0.761208035432518
"33ba4783",-0.131971438175263
"3412391a",0.0341654094771885
"3455fc19",0.350148105430753
"34a8a031",0.892751227824501
"350caf20",0.204111244432783
"358017fd",-0.156362554313846
"36025ee6",0.132297810372029
"364f0cb7",0.625939191699359
"3668cc54",0.630275814079992
"367f4a5c",0.954627855322501
"369cd1cf",0.100818765893163
"36c299c2",-0.162862733025189
"3713a3ae",1.11597194623667
"374460a9",-0.173031234868435
"37a73d25",1.03629098584641
"37b2ecaa",-0.218474710924205
"37c1b132",0.313483796413579
"37ca2bf0",0.194925433470437
"37db1bb3",0.827239152557856
"37de20cb",0.526305933286553
"382ba0a6",-0.246581347510505
"3843afa3",0.0134078886877311
"38f6cbf4",0.901221746670818
"390d2e18",0.77498743744059
"390f3909",0.791415890936563
"394d4011",0.771433453298231
"3a3900a7",-0.191008118009052
"3a5b7b96",-0.130562063424826
"3b47bb68",0.389551578381075
"3bfe4ea5",0.429043958307887
"3c0e0aa5",0.791227797728181
"3c131ab0",-0.135438815456924
"3c16cc84",-0.195933419821834
"3c7f1ba5",-0.164701811420808
"3ca86805",0.496314136459474
"3cb30295",-0.025650504368148
"3d214090",-0.17075493294862
"3d74fc27",0.344004755551141
"3dddb6b4",0.285155806088757
"3e7ccccd",-0.167596070271954
"3f3e32f7",0.96959167605632
"40ee2242",0.802934010734046
"4102c6d6",0.765335693934041
"4108ffbd",0.706334006637128
"4124318e",0.166397611049152
"418fc138",-0.0328685635189281
"41f8ed07",-0.187279958330927
"4203e3c8",0.212095970500437
"428f4daa",0.567332322199347
"42cb86bc",-0.168488679939085
"4360a0a2",0.699062199745844
"43bd1ec6",-0.081119569229399
"43c57f97",0.700960724097632
"43c76004",0.535646452452692
"43e459b7",0.844682787066089
"448282ef",0.252137499525965
"44b8eb05",0.00439265024080621
"44d7fd71",-0.0839811163812903
"45757e3a",0.66947768716527
"4577d16b",0.706093069902687
"457d8c6f",0.886309106644911
"460f9e89",0.462913802833479
"46486950",0.866388028796976
"46da14b7",0.463024607867738
"47846823",-0.228183925622665
"4794785e",0.72899102216793
"47c5cd9d",0.773759624213598
"480bfe4f",0.273276755617257
"48166507",0.260470627671295
"482bcef5",-0.0158636732613772
"48452e0c",-0.178852316800084
"485608be",0.182520677285257
"4886dc84",1.12302741783563
"48b488e9",0.488523477581425
"48fcf9a7",0.423427673471968
"4914dd68",-0.175548387854342
"49795b37",-0.121766836679202
"49968645",1.19391187007363
"49cb38c4",-0.149577491265591
"4a2f4b3d",0.633671722486584
"4a47b299",-0.156254433375376
"4afece2b",-0.130625668282293
"4b15ffde",-0.133392198643033
"4b83d461",0.720207776900787
"4bd03fc5",-0.0425708836918595
"4be715ec",0.0234321548300802
"4c3b1ab4",0.913366804687042
"4c90f5cf",0.584191810673034
"4cd1add0",0.424944609271785
"4d3008d8",0.521675545687148
"4da8008a",0.224337706843553
"4dd9451a",-0.225734772278266
"4dea7fc7",0.494716227815605
"4e4bd932",-0.155752481279547
"4e527a82",0.203794253204608
"4ec94f2f",-0.108553473708879
"4ee75403",0.481050204735031
"4f0b76d2",-0.185995559903596
"4f9a7001",0.65717442182578
"4fc92163",0.481050204735031
"4fdeb30a",0.490396447106293
"4fe21d91",-0.230581529773581
"4ff2702e",1.37497506421202
"501d9bb3",0.561771846638811
"502f7923",0.317577440089644
"505f3ed3",-0.196693211943454
"50797f53",-0.18712562050684
"5090c28a",0.813414940234003
"50921014",-0.212854365277969
"50c15bd1",0.649461258562617
"50c78eb8",0.32199771003547
"50cac90b",-0.106770490125178
"50da9551",-0.186068720793862
"50fb714a",0.126670646726627
"5157a015",0.917436773861183
"518b4490",0.11791021352555
"51936be2",0.695062995825092
"51bc6b81",0.261267908602356
"5241b7aa",0.497172897558824
"52797079",-0.129837943230174
"52ac2e43",0.258911002507785
"52bd3cc7",0.257515039129894
"532002a8",0.58005902581711
"555d58e9",0.502878974545654
"557f5465",0.556911141896851
"55854e2f",0.268361501204522
"55a610f2",-0.177786936841518
"55bf8834",0.506745746655062
"56034655",-0.176173205520526
"56a739ec",0.837967839250795
"57447735",-0.172577417506505
"57669c7a",0.508063841916082
"578d8afa",-0.199157212286624
"57b3f0b8",0.0134916250804095
"5822f351",1.09848208365651
"583a519a",0.196869570037595
"587b89b2",0.21931083033756
"59384e23",0.73297972515042
"596ecac3",1.36181345713024
"59e14ec0",0.465100134648263
"59e24114",0.284888172937627
"5a4a2704",0.526675094142268
"5a6f3de8",-0.000975933117034034
"5aac2dfe",0.478256529865427
"5ac4ddcf",-0.18904304061656
"5b2b9654",0.901425237646986
"5b5cf755",0.442409204755548
"5b827e23",-0.132488057379551
"5b952598",0.591915346979614
"5bc238a1",0.0325092074837318
"5c762b02",-0.000392682598702843
"5c7dd83d",0.384729044839916
"5cdb3a18",-0.0586007788929188
"5d21020f",-0.165242682255994
"5d3d2ce3",-0.125020056540272
"5d46e893",-0.240975886455319
"5d47aecb",-0.145775884126042
"5e75d818",0.847606598272354
"5f52cd36",0.490777217364846
"5f70abd1",-0.0470939048498735
"5f8d5cd7",-0.16580711391221
"5f9c37c8",0.347756916629574
"60152ce4",0.628552341586824
"601a8b2d",-0.0279006089015957
"606cf51e",0.451855503979218
"6074418e",0.851577554511062
"60d239c2",0.300265237173291
"60d98685",0.845358018911209
"626f7020",-0.165591472092134
"62796d2c",0.563026247556625
"62ae8014",0.501033922717177
"62b910a2",0.614146894134497
"633b2936",0.72017090059788
"63460bf5",0.576150593284456
"63977a8d",0.759265824272034
"64032a5c",0.640592379472349
"6453e840",0.462915864248916
"654eee8f",0.534423197541733
"6586f9f0",0.241781202830683
"65b92dd5",0.338847979769173
"65bbd37f",0.72797996659937
"65fd1600",-0.0856951455042993
"66422987",0.330937716885533
"66854b19",0.33534351393181
"66e692ff",0.174242879344009
"6701a905",-0.196294935442221
"6730aca1",0.712538453906289
"67842689",-0.181301064616558
"67e9e0a3",0.45483471299653
"6802fa8b",0.955831587772735
"680e965a",0.599174333738446
"686db428",-0.13287698138703
"68f9a1a3",0.295036673872084
"68fcbd36",-0.127207481252717
"69164a28",0.261267908602356
"695e3677",-0.167717489134044
"69861c96",-0.141689185749741
"69aa9d69",0.656524511230044
"69e79a9d",0.422136109830734
"6a30ec55",0.362748650247798
"6a3880d1",-0.0985864412031819
"6acb248d",0.839458044850469
"6b159812",-0.187184499056511
"6bb35199",-0.224484919431035
"6c14c6ae",1.42202145703751
"6c611192",-0.269410776187709
"6c8222a7",-0.178918156363098
"6cd8f2d8",0.650099992522179
"6cdc30a1",0.863256613568754
"6d0059c6",0.485579782551205
"6d15f7d6",0.0133098300331451
"6d2b5fde",-0.218533620394072
"6d647776",-0.199218083396086
"6d819195",0.153624094880077
"6eadd18e",-0.236084244217272
"6ed69306",1.21806179904356
"6ed73a07",0.748807246184056
"6f1c0c5b",0.700777960969517
"6f5dc340",0.232994697968529
"6f6269a6",0.104704335646355
"6fc0fe6a",0.605027088985175
"6fec35e8",-0.12877593730489
"6fec8226",0.898280995624857
"6ff3c298",0.56617159417145
"7014058f",-0.029166111025651
"701de923",0.735792116695115
"703442eb",-0.246782417177413
"70381620",-0.167833147303855
"70f9963f",0.225915553295097
"7103c70e",0.328176983575532
"71a2c9f1",-0.185204009606077
"71da16a1",0.849971581773689
"71e82b16",-0.0977820452500613
"723cb47c",-0.0812415996969562
"7262504d",0.612028122134125
"727c6239",0.896320236944868
"730ff2d5",-0.189125096672948
"735a0533",0.443758773539135
"73a78f04",-0.125526893280329
"7405e887",-0.0628417121604172
"7416c0e7",0.502878974545654
"74202006",-0.144325500377989
"746670f0",0.754358987241954
"75857694",-0.0220448999385431
"763b2ac3",1.46639440047846
"76562474",0.143678533263846
"77238d3d",0.216782060650266
"773d63e3",0.70084069765899
"776e321e",0.516090341160606
"779b71a3",0.186220169045581
"77b2b854",-0.0423190805159268
"77d5414c",0.170633598445565
"781b4d97",-0.0035618600562573
"783b8f77",-0.0156666634255639
"784e8941",-0.133949169533903
"7851dce6",0.0175591114390803
"7973812a",0.897075848386788
"7973d319",0.255068665246884
"79a46c4b",0.24075478408558
"79fa657d",0.826557562152725
"7a1eba1a",1.10143674341281
"7a31ed2b",-0.210819147960104
"7a33564c",-0.172356030635396
"7ace042c",0.788368246431925
"7b4612fe",0.829009540261884
"7b4f19bd",0.522663717449795
"7b728c89",0.995306041006645
"7b9cc36a",0.269992720183734
"7bcaf152",0.332385809251327
"7bf58421",-0.115417786699847
"7c505151",0.955101247326382
"7caa7f00",0.800456511648976
"7d0601ca",0.705429086832468
"7d261cf4",0.604267618684269
"7d5815b6",0.069457802670698
"7dd1c274",-0.161550122128319
"7dd852d8",0.473854197771851
"7e3e2605",0.62475212977623
"7eab19c4",0.856164286033027
"7eff5909",1.03000691019705
"7f20aa0d",0.72752677227521
"7f521b1a",0.576429701488812
"7fdd456b",0.809350316053488
"7fe9ca96",0.406916730219868
"7ff648d8",1.40062634576812
"8017da91",0.632289438731411
"8023deae",0.606668167335456
"803be493",0.100422368453163
"803ffba5",0.504612185168112
"80b51e23",-0.161561518526669
"80c464d7",1.01897528461906
"80d2682f",1.08371501164317
"80d28878",-0.134909190990742
"80e0766c",0.370569816050868
"80f0f3d2",1.46936279670679
"81247ab3",0.641312113038337
"8127c0f7",-0.221734268765746
"817fb400",0.507284304564681
"819d08a4",-0.245973425863136
"83cfc0b2",0.65522574736888
"8446fe1a",0.473976382971324
"844a6e20",-0.177094835527972
"849ffc5e",0.754827929918051
"84ad5637",0.592082596981663
"84ccdedf",0.869840295541189
"84fa3abb",1.10652685759818
"854dfe3a",-0.107948144415963
"8551489a",1.0291283908615
"85567705",0.461139053165545
"85a36690",0.971173273775863
"85d2f821",-0.127186970892607
"869ec6d3",0.792665550175223
"86a08ba0",0.53686558982446
"8712e11d",0.346424931315165
"876d9d93",1.03137195935635
"876e4c1c",0.935633729709365
"879f6a58",0.571054062256977
"87b899d9",0.434874517427933
"87c15b6f",-0.167014348905503
"87f58bfa",0.948908193473553
"88514bde",0.195299485379761
"8854354f",0.559763788907538
"886cebc2",0.192167950551516
"88b74185",0.521836830206521
"88f5c349",0.648367337344558
"891c55ba",0.539773971062212
"893772d5",0.632467013623982
"89905528",0.648224542003877
"89a1d680",0.999795662734717
"89bda256",-0.177680421671908
"8a3aca1f",0.667697593460949
"8ace5f29",0.278475557732572
"8ae49f4c",-0.175900101212278
"8aed5ab4",-0.182445296586511
"8b008e24",-0.0423295619107488
"8b29ddb4",-0.0747130976027603
"8b6dfb4c",0.213884259312982
"8b7b3eaa",0.0966498936148792
"8be4aedf",-0.164268973176984
"8c16d72a",-0.19401941130727
"8c539e8e",0.27219443028278
"8c7d8d9b",0.860934241353521
"8c9314db",0.844486839382162
"8c9859b9",-0.0104209133079495
"8cd5bc7c",0.921843088058611
"8d03d0a5",0.883651312746999
"8d517034",0.201369781432771
"8d8f5d9f",0.164481270990785
"8dc53df3",1.14872321818919
"8ddb7ac1",0.529545666589223
"8e333109",1.08465894814528
"8eab953e",0.0538506213549677
"8eeba692",0.164081330003707
"8f38fe78",0.752632321180916
"8f4e22b2",-0.151671826280826
"8f71efea",0.241781202830683
"8fdb5402",0.592963174937894
"8fe03c35",-0.201865945485841
"9032b145",-0.185440872580587
"9046e327",0.587793324374956
"904abba7",0.884579991722536
"9069db29",0.6789408937301
"90859667",-0.203029777757239
"909407b8",-0.0153849059410628
"90c8034d",-0.102804589872601
"9131d5cf",0.816458293329967
"915c809a",-0.194375786073748
"91796a02",0.77446992733659
"91d4699e",0.57714666277513
"92468e29",0.0133098300331451
"92d63f0f",0.527984440893434
"92e5a83a",0.215741096981457
"9323c154",0.128163807003038
"933308f9",0.328681275186447
"93938a28",0.539933372926229
"940d51f8",0.532456671411568
"94a7461d",-0.0835747597731485
"94d43b7a",0.062475420019287
"953ddba9",-0.155552761356945
"957219b8",0.44979142080935
"959c3da3",-0.180903551427726
"95b591c1",0.864248773130358
"95dfe687",0.823030557859402
"95e63c0a",0.697238404226178
"96182fa7",-0.135666714431131
"962183dc",0.471079849500173
"9638675f",0.46856296397837
"965c5adb",1.1467722516443
"96a7f636",0.268687710544565
"96f57ec6",0.660243120839593
"9701ffb5",0.441504085317436
"972c2d7f",0.725834804081745
"97501794",0.251490708756037
"97f14e50",0.130838241265935
"982cab25",0.2537442361395
"987a7222",0.886708534449378
"9885ddd8",0.0636231634071398
"98c958c6",-0.200258763583346
"996a3149",0.21931083033756
"99e2b46c",1.2401584470202
"9a13c8a2",0.0595959186232883
"9a5f6d12",0.199738776687792
"9a7f22db",0.787532888618841
"9aa5dcea",-0.172047590427407
"9aba2ff5",0.629334493350329
"9ae73003",0.911318672803965
"9afdf962",1.37643747213218
"9b001268",0.949315674830986
"9b9eb930",0.0268030521216121
"9bb426a7",0.0643170278311685
"9bf6cb31",0.0405011839729721
"9c20c73b",0.901186598558127
"9c217eb9",-0.242040303823392
"9c4cf176",0.777744132616286
"9c791ccc",0.558968731307089
"9ce70bef",0.701757619245966
"9cee9fc9",-0.186156394471722
"9cfde2cc",-0.0183262396439052
"9d43d142",-0.108538858078605
"9d7e8158",-0.230393944519833
"9dc9534c",0.646107330990338
"9e0880ca",0.367965355551282
"9e266d34",0.207358583440414
"9e7e6cd8",0.976299403624245
"9e9f5e38",0.47397624874013
"9ea5577f",0.994111988501071
"9ec31362",-0.155002255300146
"9f2a8f08",-0.0571121892157308
"9f4b32f8",-0.190385906121639
"9f688c66",-0.185097846920677
"9f9119f4",0.569089536024904
"9fbe5106",-0.259115448182869
"a002f1ac",0.630096644244055
"a07f6fc5",0.372670798339128
"a0808b82",-0.227398505466199
"a0cc50c3",0.0257778193381164
"a11fe7b5",0.311211350276313
"a1491477",0.592182281769812
"a20e6921",-0.166724997114296
"a21c8e70",-0.0663950591111926
"a22c1a5c",0.632754261351341
"a23567d2",-0.158640641133606
"a2b6a4b8",1.08377426607271
"a344c900",-0.00661294058947848
"a3a93b63",-0.116937757670102
"a41a15f2",0.66592258588433
"a447f081",0.347826288119817
"a4856de5",1.11533112065957
"a49120c7",-0.0347197526892405
"a53d1ba0",-0.209332408612634
"a5ac9b55",0.723717288928817
"a5ba72f9",-0.0599965504704631
"a5ca7ea0",-0.173558064766724
"a6742227",0.490146662365653
"a6f65253",-0.164862272912448
"a702d1c5",0.131267924871458
"a71b99a6",0.00381195480703755
"a723a382",-0.170969000030845
"a788da19",-0.195097145119601
"a83e60be",0.338289619418537
"a8668fb6",0.490811369097594
"a87db7ff",0.0636231634071398
"a9190917",0.606654886215445
"a93d6f19",0.889296691152337
"a9566517",0.679445305480282
"aa3dfd63",0.0322054887685473
"aa58cb91",0.47432562534734
"aa84d895",0.757845077118286
"aab22722",0.373405406248659
"aac5d998",0.389011828523134
"aadc1247",-0.134609127342983
"aaf695d0",0.0186040465373419
"ab83ea80",-0.121152298496001
"abc7eeda",0.286467435464907
"ac44ef65",0.21931083033756
"ac564de9",-0.207129292276827
"ad0f90e1",0.885183763158206
"ad3c8e7b",0.795633549185383
"add06668",0.00490221196489937
"ae10e514",0.795778161940045
"aee093c4",0.597577636443885
"af07fb5c",0.484739786617312
"af08cb8d",0.501940062159362
"af147c52",-0.125020056540272
"af1c1bee",-0.191157289986253
"af4572f6",-0.188191406258106
"af47aac5",1.02922942019579
"af70bd34",0.413436620059464
"af82ea2d",-0.135795235197501
"af83bf7c",-0.267991468043522
"af908793",-0.190070327749179
"afb1f807",-0.210157023045666
"aff5e5ee",-0.194397882398013
"b024bf05",0.674307821264701
"b04d8f0c",-0.172228835555843
"b0efc6f4",0.0133098300331451
"b1bb8dd0",0.866100158674037
"b1ce5ee9",0.312004472231576
"b20c5326",-0.0235336716101282
"b2235d5f",0.466469167295632
"b23db0ea",0.640665329254961
"b265d311",-0.22720402703938
"b2e2ed7d",-0.106443429501087
"b2e61027",-0.190512374178652
"b2f94d1f",-0.0385928689045758
"b3451ce1",0.188351660438686
"b3523d81",-0.155615196505799
"b3de6c53",0.966094230787623
"b43665c9",0.44190788115233
"b4738558",0.663518655218916
"b479a4e5",0.269279231795543
"b47d249b",0.385262887984084
"b4a52ce8",-0.194382318780298
"b4ea7a14",0.685453314101439
"b50add36",1.08431939277418
"b51ba618",0.437229381197972
"b55b1bec",0.58631513627032
"b563ef9d",0.809431972427359
"b5bb257a",0.711370657849443
"b5be8f08",0.712524739245939
"b5e21f0b",0.0747958260455106
"b68a3662",0.580820282968793
"b6a4854f",1.54497578306413
"b6b80f42",-0.134684689168015
"b6c3e1ab",0.754199434232208
"b7adc30a",0.422781344810814
"b7ce52b8",-0.170963911829778
"b7ffd685",0.478463625832491
"b84e696a",-0.0349520887386505
"b8ae746c",0.457805486811984
"b8b6e81e",0.428891220307095
"b905f26e",-0.0625255316037284
"b98668f4",-0.140507180279886
"ba59e168",-0.174670332650788
"ba67bd3d",0.227173904301514
"ba709e6a",-0.0434459080466052
"ba91cc7f",-0.181521753546592
"bb6a19af",0.519346471240687
"bbd98f65",-0.0470648938025099
"bc1b756f",1.17222813262946
"bc696a1e",0.298209695578947
"bc81d58f",-0.16290861797206
"bca32990",-0.160857603807814
"bcc553ab",-0.199652305257454
"bccf5379",-0.135791777188894
"bd2e184f",0.809829635768108
"bd337a90",0.916058921604597
"bd4ed818",0.827133019045482
"bd544e63",0.560421459881972
"be0381e4",-0.165301711640922
"be1333d2",-0.052474703359644
"bec5a6ab",0.216934091054071
"becd49ac",0.893976274652465
"bed8b41c",-0.169163104467283
"bf287639",-0.194406781804126
"bf685281",0.749156336990575
"bf6e55c3",1.35082771215265
"bfddcc77",-0.0418552838985644
"bfe1e41f",0.78799007222935
"c1143024",-0.149194960820708
"c1406fca",0.88395379760779
"c1617227",0.679665175828668
"c195e65e",0.698478102886747
"c1d8cab1",-0.145626223729037
"c233f4f4",1.0956329047872
"c285f89d",0.114432783706617
"c2a5380a",0.228791466578819
"c2cfee57",0.481050204735031
"c31c4183",0.970024258721607
"c3cabf93",-0.19367901358959
"c4271e38",0.219444484209683
"c42aeee6",0.744789321502884
"c44551c7",-0.21014895993088
"c4957cd6",0.0273592781239512
"c4d15da1",0.406149070003722
"c5609e08",0.340409246001187
"c571fbe4",0.632508164898592
"c59ae92a",0.571702547215269
"c64ad87e",-0.11233324930704
"c664f245",0.0028944762227136
"c683651f",0.481050204735031
"c6dcee3d",-0.196371130385663
"c6dd3ee6",0.864461866405987
"c796f42b",-0.243023770674237
"c798859f",-0.223312257890203
"c83a956e",0.482655841738297
"c85bfc99",0.347831163714486
"c9057808",-0.175553554964707
"c92e8b4c",0.145923332566772
"c9422f9c",-0.110124440228856
"c96f2dd1",0.650943473041209
"c98f2490",0.921347659165557
"c9ce5a9e",-0.0744885170231043
"ca5f2610",0.0979113564012122
"ca61bf3a",0.481050204735031
"cab2ca4a",-0.211441225510245
"cbf3a6f3",0.668423252387009
"cc0963c8",-0.161935789926212
"cc7d27b2",-0.116209408736881
"cc8dd5f8",-0.177215604741896
"ccad11ca",0.87079981907776
"ccb21848",1.51905213935773
"cd00d04e",-0.170980193104907
"cd0e657d",1.36670158562725
"cd2f3fbe",0.767036112262586
"cd389d57",0.630793345427461
"cda0fd9b",-0.0319419971087049
"cdda168a",0.488352863625265
"ce08e98b",0.350118577278926
"cec7185c",-0.156706581684624
"cf22f7b2",0.478231650024307
"cf434979",-0.160269147390485
"cfa3af82",-0.187580048414045
"cfd27471",-0.188884208454901
"d02d21ec",0.76134345556402
"d096c7f6",-0.233934224479489
"d09b7e2e",0.785710156475799
"d09cff3b",1.20752312600151
"d09ebf52",0.349929985467674
"d0ca8163",-0.147667862894105
"d192a327",1.07106053658624
"d1ac59d7",0.890817097098042
"d1b7c089",1.18629111109963
"d1e3bd8c",0.481050204735031
"d1e82789",-0.194426549457611
"d277cc27",-0.108297308687927
"d3167e9d",1.12600566968278
"d32ee860",0.793289408681252
"d33c3eeb",1.24591356289331
"d373ded5",0.341478059462707
"d3d56480",1.02215867659301
"d3e70da6",-0.199275737409757
"d40a6175",0.176082577405356
"d4201b5c",0.836580210089011
"d473029e",0.392435410077515
"d4b8e447",0.442913616240459
"d4cc2b9f",0.282612338980351
"d4d67a36",0.609469854524278
"d4f34b24",0.0454969879333826
"d51199b6",0.701562298782263
"d5a527da",0.987351194455576
"d5c40330",0.449425999059037
"d5d620e2",-0.0459670836839574
"d5d66a77",0.127112741489603
"d6285c55",-0.0423843207938603
"d630ee07",0.25772407461787
"d6dc72c6",0.7539144549607
"d70f0551",0.361643850821792
"d719a0ac",-0.00109190584477686
"d747b73c",0.250531995546231
"d76c904c",0.485208901670412
"d771d065",-0.0980072552779013
"d7a365c9",0.654803738978947
"d85537e2",0.478256529865427
"d95dc7cb",0.109585433183255
"d9649ea4",0.737088360079838
"d9a34273",-0.0161671465703698
"db4220b8",-0.186498626585984
"db4b6cbb",0.445037762368226
"db9ae6e9",-0.191353971115091
"dbb1a1d3",-0.184674961056574
"dc1082c4",1.07494283668858
"dc11ffb1",0.342134520646684
"dc786a89",-0.193359991937651
"dcb34a93",0.642105217576606
"dd3caf14",0.601571647393059
"dd6867df",0.70002706490209
"dd9a2277",-0.177753892521484
"ddb6f6f9",0.587973938218156
"ddc7bffa",0.0583201202417549
"de032a3b",0.488268132220022
"de2d545b",0.632185916949497
"de3b703c",0.762387085987773
"deb1622e",0.598169250711892
"deb75085",0.918867561485584
"dee2e2d6",0.866945104928274
"df03c95d",-0.185570121007745
"dfac1a41",0.879134816356669
"e0d45902",0.00875570304029022
"e0d8c625",0.214185262843789
"e0e41475",0.382484945151671
"e0f35499",-0.121204797882328
"e1022480",-0.161709226790621
"e1171430",0.794058395479033
"e12d2470",0.130760756400986
"e158441d",-0.175878031213269
"e1a319f5",0.653827432363485
"e1a3b275",-0.0744815526338886
"e1c0ba22",-0.187527610095723
"e1c50806",-0.168930136082389
"e1c81090",0.89901088465702
"e2246114",-0.199263531452768
"e25c4a14",-0.170443521628504
"e27072f1",0.608450421830665
"e2843455",-0.146514642456614
"e292f086",-0.047396438643229
"e2e5af76",-0.20447150557515
"e31a2e32",0.336059348756682
"e342853d",0.212278705497676
"e3953813",0.21931083033756
"e44548a4",0.0048235965031112
"e47bebac",-0.0731108620459179
"e5662c84",-0.285288138831672
"e566fc58",0.590198771635333
"e5766f90",0.686181978692435
"e658fb6a",0.813353300805805
"e6735cb5",-0.120677721994745
"e6862711",0.917729910181414
"e6ac1b51",0.788732438769965
"e6ea5608",1.36816831254942
"e6eefaf1",-0.213223804710467
"e7c0b097",0.101952078845164
"e80eb67d",0.32941375816069
"e814d20e",0.24558033380108
"e8ec2a8a",0.906976680510598
"e8ee5595",1.05957905401859
"e945f044",0.421875397849046
"e9cadf3b",0.695405429247676
"ea075c48",-0.147404247586573
"ea0ad162",0.0940301092142043
"ea10c101",0.183902637084909
"ea18fbd2",0.807715365832023
"ea245eca",0.330719362768948
"ea71286a",-0.121998562128434
"ea7f3ceb",0.501938152771061
"eb296337",0.420446058300181
"eb4ec7dd",0.769202509503325
"eb7b5d02",0.257515882942498
"eb98a24a",0.628760112383653
"eb9dec2a",-0.114508240834249
"ebbbc1aa",0.261230056910942
"ebc1278c",-0.169070087368825
"ebd77787",-0.0198503950634142
"ec1f7c54",0.0440964501936981
"ec290def",0.72844176385412
"ec307b05",0.775065859457403
"ec8e3f91",-0.200858468505326
"ecae5976",0.249144999048596
"ed17207f",0.411839004961285
"edd5f3be",0.529046264832868
"ede81700",0.608522052372616
"ee222c36",0.76325233891711
"eea1b45c",0.544571780720061
"ef5de3c6",0.823829963184146
"efacf214",-0.0606678218541574
"efe2449e",0.139718275851343
"f031811a",-0.178666476893748
"f0564da1",-0.178730907967722
"f099ba2a",0.0438568461842019
"f162b7a4",-0.125020056540272
"f1757815",-0.21827911976222
"f187f5f3",0.227184307293596
"f1c6d8ab",-0.189463407070397
"f249834f",-0.0545902621292803
"f2a1b17d",0.738995556421283
"f2ce44bc",0.89920165221487
"f3049748",0.263189946332317
"f399b8a6",0.896603462889107
"f3a12be8",0.985882402758634
"f3a5f201",0.799249748894136
"f3ac859a",0.508261872494185
"f3c4b893",-0.0482869468798366
"f3f98ebe",-0.0531896736388151
"f452eef7",1.19180798584358
"f456a3fd",0.228715776801824
"f47ef997",-0.187808408905725
"f4a37ec8",0.529998826546398
"f4ecc4cc",-0.0967396699804387
"f538a295",-0.140006056437676
"f57d5a4a",0.230517276722256
"f5f6689c",0.64254989044061
"f5fa5578",-0.147184351563996
"f61591cb",0.00608884238923968
"f632a30c",0.355988831483464
"f6494040",-0.10380221595516
"f694a537",-0.112391286102578
"f6954829",0.363831599968589
"f69fc509",1.40294843499007
"f6fb106b",-0.131534267187996
"f7c1b0f3",-0.108103811772965
"f7ec4dd3",-0.156119512647455
"f842b8b3",0.125316083913529
"f86a6ed4",0.620720808261427
"f8d9593e",0.24958969017984
"f8dacbde",-0.00432923176850253
"f99be0ba",0.864329746408561
"f9dd0fe3",0.564488256102552
"fa21f0e4",-0.0526070495620463
"fa537c22",0.627394061426504
"fa845dbf",-0.126183567243347
"faa8c019",-0.184808782404841
"faee065f",1.10213740965962
"fb3e85f5",0.070049429097129
"fbe1fea6",0.564636848711258
"fc0367c0",0.471788757777896
"fc5612b9",-0.171106283846119
"fca866bc",0.518265366370779
"fcff43b4",0.653305316291159
"fdfed7eb",0.102414270146798
"fe50e0ea",1.46622157943193
"fe5f7da8",0.245759484196189
"fe8984b5",0.136002014541659
"feaa21ac",-0.198784735201491
"fee254cf",1.09047657864636
"ff57e602",0.336805309137094
"ffc73fb2",0.455770783539145
"ffe00ca8",0.564395603899919
"ffe774cc",0.190567533030901
